,date,Estimated TWh per Year,Minimum TWh per Year,price
0,2020-01-01,0.32699347144556073,0.3543968788640168,0.03455571353098838
1,2020-01-02,0.32699347144556073,0.38440385658534176,0.03453335612376132
2,2020-01-03,0.32699347144556073,0.3984735756933682,0.030859902443730117
3,2020-01-04,0.32699347144556073,0.4082537779190819,0.03623652932433391
4,2020-01-05,0.32699347144556073,0.4183755364567867,0.03705190863212632
5,2020-01-06,0.32699347144556073,0.42541420168391114,0.03702946210307509
6,2020-01-07,0.32699347144556073,0.43589975992425956,0.043176402327712804
7,2020-01-08,0.32699347144556073,0.4398596019856607,0.049771320050902235
8,2020-01-09,0.32699347144556073,0.4436914570182378,0.04814749801835605
9,2020-01-10,0.32699347144556073,0.4466184023103058,0.04474420435221885
10,2020-01-11,0.32699347144556073,0.4448219079371756,0.05030017183786614
11,2020-01-12,0.32699347144556073,0.4417470936499641,0.04760897274236997
12,2020-01-13,0.32699347144556073,0.43875286881477393,0.05015457696347428
13,2020-01-14,0.32699347144556073,0.4359810762309469,0.04918383808980567
14,2020-01-15,0.32699347144556073,0.43446032038685295,0.06022847521039157
15,2020-01-16,0.32699347144556073,0.4336324063753851,0.060531727430257726
16,2020-01-17,0.32699347144556073,0.4357029005627162,0.05893499689859416
17,2020-01-18,0.32716065540665135,0.43587507687928034,0.06183746400555018
18,2020-01-19,0.32722140086433515,0.44007624540362117,0.06190670924906769
19,2020-01-20,0.32722140086433466,0.4433498851745294,0.05844703382620764
20,2020-01-21,0.32722140086433515,0.4434227340713218,0.05750228549712147
21,2020-01-22,0.3272214008643351,0.4417055555150324,0.05899729859746472
22,2020-01-23,0.32722140086433515,0.44280371036686156,0.0580484742820582
23,2020-01-24,0.32722140086433515,0.44382357077822665,0.05406217048187992
24,2020-01-25,0.32722140086433515,0.4480606008417759,0.05432007211556533
25,2020-01-26,0.32722140086433515,0.4473496829938093,0.05298697858938875
26,2020-01-27,0.3273408835570968,0.44917950917826704,0.0569346425857955
27,2020-01-28,0.3275938556905252,0.44966190769681075,0.06146623085290495
28,2020-01-29,0.32871942258341574,0.4516718253582208,0.06852021714398421
29,2020-01-30,0.3298483661769844,0.4521736011278114,0.06781857340115202
30,2020-01-31,0.3309806966013338,0.4497341841065867,0.07154012205405158
31,2020-02-01,0.33211642401695673,0.4506222727314092,0.06831656343718528
32,2020-02-02,0.33325555861482625,0.45145100245880115,0.06919799428228776
33,2020-02-03,0.3341998689728492,0.4536901422524586,0.0688016090873094
34,2020-02-04,0.3341998689728492,0.4521365020874298,0.0683301836871372
35,2020-02-05,0.33505890767240215,0.4522457356234082,0.06626971516906802
36,2020-02-06,0.3362068697212381,0.4498461385147711,0.07285640195786541
37,2020-02-07,0.33735827565622023,0.45198998581615996,0.07529235126939046
38,2020-02-08,0.3385131358090075,0.45021200411339957,0.07616815702376506
39,2020-02-09,0.33967146054225344,0.44506606198022763,0.07762623660697035
40,2020-02-10,0.34083326024969846,0.4361841789637276,0.08174351808239647
41,2020-02-11,0.34199854535626634,0.4313795005325142,0.07761696220127468
42,2020-02-12,0.3431673263181535,0.43046600571705484,0.08299855778504311
43,2020-02-13,0.34433961362292675,0.43181946860130627,0.08462790328584893
44,2020-02-14,0.3455154177896147,0.4263020235013242,0.08290803283511408
45,2020-02-15,0.3466947493688021,0.41889437544855224,0.08448824532996202
46,2020-02-16,0.34787761894272706,0.41995993362212497,0.07768111384998422
47,2020-02-17,0.34906403712537404,0.4208601885000849,0.07847264318320751
48,2020-02-18,0.34992213425391494,0.42448890888974933,0.07495630085807131
49,2020-02-19,0.35014531720150255,0.42168957798050616,0.0815108358888092
50,2020-02-20,0.3501891307012418,0.42331515917296525,0.07327544131113842
51,2020-02-21,0.3503949900095257,0.42728609586202254,0.07311182149080545
52,2020-02-22,0.3505280419620877,0.43026252029519096,0.07414790237796445
53,2020-02-23,0.3507638118561203,0.4286995283898736,0.07391772176410905
54,2020-02-24,0.3508695293532433,0.43015727060158976,0.07852125777945376
55,2020-02-25,0.3508695293532429,0.4304060655877066,0.07411513079174892
56,2020-02-26,0.3508695293532429,0.43152564992057885,0.06891227655648624
57,2020-02-27,0.3508695293532429,0.4283686065844684,0.060225054497328595
58,2020-02-28,0.3508695293532429,0.424701493141687,0.059897787480333614
59,2020-02-29,0.3508695293532429,0.4245585169375283,0.058877665303693094
60,2020-03-01,0.3508695293532429,0.4253062050151328,0.05625173914774337
61,2020-03-02,0.3508695293532429,0.42656862829214437,0.05648842917064295
62,2020-03-03,0.3508695293532429,0.42975778836976264,0.06189030629536402
63,2020-03-04,0.3508695293532429,0.4345786762657315,0.059507008614746476
64,2020-03-05,0.3508695293532429,0.4398776049181067,0.05953782161176693
65,2020-03-06,0.3508695293532429,0.4474268620327178,0.06401534027038705
66,2020-03-07,0.3508695293532429,0.4545289647713445,0.06556484087847919
67,2020-03-08,0.3508695293532429,0.45884827558936575,0.06183159921420092
68,2020-03-09,0.3508695293532429,0.4615238826377631,0.048076816211871654
69,2020-03-10,0.3508695293532429,0.46058826775245326,0.046158873207788664
70,2020-03-11,0.3508695293532429,0.4590581484893625,0.0459255810174079
71,2020-03-12,0.34603019829674614,0.4590660943884255,0.046385607144173946
72,2020-03-13,0.3281043291748413,0.4524589492419776,0.0017654384467890027
73,2020-03-14,0.3240343542832766,0.4416559938305403,0.008154064906674002
74,2020-03-15,0.3191789272846527,0.43244669437763056,0.002903078552863994
75,2020-03-16,0.2970534415086659,0.42505054287679234,0.005839016419019488
76,2020-03-17,0.29808738715901056,0.4175985333705468,0.0
77,2020-03-18,0.29912443464630617,0.40765470147795174,0.0057029191349727976
78,2020-03-19,0.300164593276064,0.39152937311767894,0.00549304250082544
79,2020-03-19,0.300164593276064,0.39152937311767894,0.00549304250082544
80,2020-03-20,0.30120787238171043,0.3743829508636681,0.01817860637592686
81,2020-03-21,0.3022542813246744,0.34942556464869773,0.018584503990494328
82,2020-03-22,0.3033038294944671,0.3207158199551931,0.01778825887063519
83,2020-03-23,0.3043565263087689,0.2955368513162039,0.01321646559811819
84,2020-03-24,0.3054123812135139,0.29106610370274655,0.022750773938682176
85,2020-03-25,0.30647140368297304,0.29133952689904,0.02712607827613696
86,2020-03-26,0.3075336032198407,0.2937410191341024,0.026578448172824717
87,2020-03-27,0.3085989893553185,0.29607831023270736,0.027691526406793995
88,2020-03-28,0.3096230473869582,0.3084581970390091,0.02181569984899609
89,2020-03-29,0.3106947018549374,0.3253376944101417,0.01953357093143887
90,2020-03-30,0.3117695712863207,0.3465632527400229,0.01410629793460394
91,2020-03-31,0.31284766532599845,0.349453643438882,0.021900623528729346
92,2020-04-01,0.3139289936477948,0.35068956695733067,0.022197249276529468
93,2020-04-02,0.31501356595455665,0.3511213403873519,0.025697991516768617
94,2020-04-03,0.3161013919782393,0.3556768799668287,0.028367970723831404
95,2020-04-04,0.31719248147999285,0.36522101930872486,0.027168872185428142
96,2020-04-05,0.3182868442502511,0.37294462327937683,0.029191303883727274
97,2020-04-06,0.3193844901088205,0.36979398895684096,0.028050819659539053
98,2020-04-07,0.32048542890496584,0.3702971769738838,0.03619320587522579
99,2020-04-08,0.3215896705174992,0.3733157889434819,0.03458173126130089
100,2020-04-09,0.3226972248548702,0.37526479147693426,0.03690673770389109
101,2020-04-10,0.3238081018552537,0.37281461761767887,0.03614292693308653
102,2020-04-11,0.3249223114866381,0.37469689578268894,0.029275499364869326
103,2020-04-12,0.32603986374691646,0.37781745363435487,0.029500586285570354
104,2020-04-13,0.32716076866397614,0.38669537468323123,0.03004988470742953
105,2020-04-14,0.3282850362957868,0.3942637224356165,0.02916116246240648
106,2020-04-15,0.32941267673049285,0.3997149327721153,0.029203345392539465
107,2020-04-16,0.3305437000865029,0.40836670644979983,0.025516382241290006
108,2020-04-17,0.3316781165125815,0.416367792699649,0.03239499258564939
109,2020-04-18,0.3328159361879378,0.4226672310117741,0.03200088996957562
110,2020-04-19,0.3339571693223197,0.42061384658282924,0.03531240286018297
111,2020-04-20,0.3351018261561055,0.41579089864643487,0.033474903899201894
112,2020-04-21,0.33624991696039236,0.40759149453673926,0.029143869699640362
113,2020-04-22,0.3374014520370923,0.40550996499615555,0.028913498322536507
114,2020-04-23,0.3385564417190218,0.4003794937071378,0.03319501583530719
115,2020-04-24,0.3397148963699974,0.40062544179660553,0.03755388729817449
116,2020-04-25,0.34087682638492633,0.39543746782493416,0.039353061500182404
117,2020-04-26,0.34204224218989965,0.39505624633807584,0.040042754475154874
118,2020-04-27,0.3432111542422883,0.39366058004350485,0.04236457049747827
119,2020-04-28,0.34438357303083383,0.39587147491622504,0.04380924320174093
120,2020-04-29,0.3455595090757446,0.3931949366659364,0.04355276922460807
121,2020-04-30,0.3467389729287908,0.39441216858087347,0.05931066148503927
122,2020-05-01,0.34792197517339524,0.391106261894594,0.057172840571989236
123,2020-05-02,0.34910852642473444,0.388655372993582,0.06059513461024438
124,2020-05-03,0.3502986373298271,0.3871970375145651,0.06285589516676388
125,2020-05-04,0.3508695293532429,0.38940061728161157,0.061615410951091354
126,2020-05-05,0.3508695293532429,0.3969521307557406,0.06154727749723665
127,2020-05-06,0.3508695293532429,0.3997596294646369,0.0634460338521611
128,2020-05-07,0.3508695293532429,0.4044494571403895,0.06570612141410084
129,2020-05-08,0.3508695293532429,0.4126878890801456,0.07872019345794726
130,2020-05-09,0.3508695293532429,0.4187658500326164,0.07652547959406159
131,2020-05-10,0.3508695293532429,0.42596346533671253,0.0724504439182545
132,2020-05-11,0.30895654653492133,0.4220312571900595,0.05944147340927944
133,2020-05-12,0.24742183881174767,0.4187984691654983,0.05707882030520442
134,2020-05-13,0.24830688965400166,0.4230575673299293,0.06001429341325121
135,2020-05-14,0.249194595648782,0.4245482516874806,0.06791751467523627
136,2020-05-15,0.25008496476154707,0.4154621756033609,0.0761209579867792
137,2020-05-16,0.25097800498165057,0.40325276086532524,0.06833629793313817
138,2020-05-17,0.25187372432241417,0.3899075866167747,0.06939089985626787
139,2020-05-18,0.25277213082120004,0.38735212771811595,0.07404109309849555
140,2020-05-19,0.2536732325394821,0.37720127709288875,0.07471398584093258
141,2020-05-20,0.25457703756291916,0.363135217794884,0.07554101276662153
142,2020-05-21,0.25291354279243694,0.3520711082415906,0.07180700049268599
143,2020-05-22,0.253173288202532,0.3376965868675272,0.06435235948209067
144,2020-05-23,0.2539140997580805,0.33431756385506384,0.06549968432971032
145,2020-05-24,0.24911574919758261,0.33177903224021055,0.06611635107102096
146,2020-05-25,0.2426082297003796,0.32696191456434637,0.05910962515347912
147,2020-05-26,0.24226208534982258,0.31969306202751485,0.061535836268957284
148,2020-05-27,0.2428917486789302,0.31567633676110163,0.06082382136935316
149,2020-05-28,0.24376320925078554,0.30806982651232157,0.06617638989274424
150,2020-05-29,0.2446372842043566,0.30960447331689983,0.0721191870181089
151,2020-05-30,0.24551398138278813,0.31153946276615124,0.07021895238057099
152,2020-05-31,0.24639330865275527,0.3148089276976443,0.07398323020857886
153,2020-06-01,0.24727527390453208,0.32308267568754556,0.07085555407908375
154,2020-06-02,0.2481598850520642,0.33549329767239766,0.08205591124304826
155,2020-06-03,0.24904715003303912,0.3451015211445411,0.07162702411202226
156,2020-06-04,0.2499370768089566,0.35124010836285474,0.07370395979459324
157,2020-06-05,0.2508296733652024,0.35527781004227843,0.07579673185036864
158,2020-06-06,0.2517249477111163,0.3560631844065577,0.07357194083724028
159,2020-06-07,0.2526229078800687,0.3604430592356578,0.07398567228959571
160,2020-06-08,0.25352356192952735,0.3672354677635817,0.07519595008439195
161,2020-06-09,0.25442691794113487,0.37462409858989854,0.07574602475877865
162,2020-06-10,0.2553329840207771,0.3792470323693819,0.0756497677770431
163,2020-06-11,0.256241768298658,0.3838356521720122,0.07737373043086104
164,2020-06-12,0.25715327892937284,0.3902191831482256,0.06860316102237124
165,2020-06-13,0.2580675240919792,0.397361478404593,0.070896642775122
166,2020-06-14,0.25882981216402295,0.39917731618163554,0.07089568660653967
167,2020-06-15,0.2559655130780014,0.39772464596000134,0.06892215449506553
168,2020-06-16,0.25687619494305414,0.39439561003542356,0.07029243523599618
169,2020-06-17,0.2577896088537019,0.3922658107325414,0.07178173903438442
170,2020-06-18,0.25864669535362794,0.3916079084660696,0.07079802599623242
171,2020-06-19,0.2586501198781522,0.3929411776573296,0.06978189288403666
172,2020-06-20,0.2583856069640569,0.3918755339927911,0.0683919785617387
173,2020-06-21,0.2591436181609887,0.3872017343172532,0.06915043877055704
174,2020-06-22,0.26006383434128993,0.38258089710777377,0.06816158170458941
175,2020-06-23,0.2609868111701325,0.3785347463536513,0.0742385223784324
176,2020-06-24,0.26010364045947965,0.38036010695924066,0.07337570642722774
177,2020-06-25,0.2583965108393531,0.3812645719585475,0.067997019356104
178,2020-06-26,0.25654608275223945,0.38272563080358196,0.06752734065270452
179,2020-06-27,0.254778600067331,0.3836996700336046,0.06605443954003226
180,2020-06-28,0.2553843741034732,0.39142240964307157,0.06361644353244725
181,2020-06-29,0.25629331255160226,0.3959447346396063,0.06562968455933091
182,2020-06-30,0.2572049778150757,0.40011918848256117,0.06635291881203229
183,2020-07-01,0.25811937807433954,0.3993616492945119,0.06578657193932808
184,2020-07-02,0.259036521534381,0.3984551782682668,0.06708003890757303
185,2020-07-03,0.25995641642480277,0.3994966881868685,0.06490130622615298
186,2020-07-04,0.26087907099989616,0.404990888504738,0.0645348732565969
187,2020-07-05,0.2615426650566453,0.4095110217310992,0.06551791718597208
188,2020-07-06,0.26247007837763375,0.4161878841341499,0.06479088338954858
189,2020-07-07,0.2634002739385855,0.4220298720211433,0.06886488129990559
190,2020-07-08,0.26433326008621993,0.4279336823287211,0.06744687057427881
191,2020-07-09,0.26526904519229755,0.43447344176771613,0.07029967750082858
192,2020-07-10,0.2662076376536927,0.43697803048903355,0.06716062279543153
193,2020-07-11,0.2671490458924725,0.43906518775679737,0.06791476041851557
194,2020-07-12,0.268085876696597,0.4398304787549778,0.06713822704195035
195,2020-07-13,0.26898918379676356,0.43823032484969204,0.0681475016520379
196,2020-07-14,0.2694983578305823,0.43612075593568495,0.06724125324731689
197,2020-07-14,0.2694983578305823,0.43612075593568495,0.06724125324731689
198,2020-07-15,0.2655884159690085,0.4350057124290091,0.06734188798612259
199,2020-07-16,0.2622688637083973,0.41534229438982456,0.06664380378195159
200,2020-07-17,0.26253496373170254,0.3921466832309288,0.06557504005217246
201,2020-07-18,0.2629440996324429,0.36959098650173944,0.06589130369992333
202,2020-07-19,0.2620612974893093,0.3655933335667739,0.066085060152377
203,2020-07-20,0.26187764080032555,0.3588457778559032,0.06663173057679322
204,2020-07-21,0.26265254749057415,0.35051212469193793,0.06600128412479583
205,2020-07-22,0.26358329045886464,0.3450837818053179,0.06953602590840746
206,2020-07-23,0.26451682565606,0.36014552192734733,0.07161202246120096
207,2020-07-24,0.2654531614588468,0.37849484999479405,0.0728185946106768
208,2020-07-25,0.2663923062690417,0.3961560782597118,0.07195769596189552
209,2020-07-26,0.26733426851366754,0.39898493300344307,0.07444850930747854
210,2020-07-27,0.2682790566450273,0.40892415237331,0.07818627513620116
211,2020-07-28,0.2692266791407812,0.4188163122736995,0.0947479932719113
212,2020-07-29,0.2701771445040221,0.4223466755728694,0.09383176095745749
213,2020-07-30,0.2711304612633529,0.4264623223133509,0.09684681533561207
214,2020-07-31,0.27208663797296173,0.4325500055648077,0.09720944375152898
215,2020-08-01,0.27304568321269906,0.4354599376525283,0.1005528325480306
216,2020-08-02,0.274007605588156,0.43559550317379553,0.10832700458188702
217,2020-08-03,0.27497241373073905,0.42961944969074367,0.09641050932278969
218,2020-08-04,0.27594011629774984,0.4239351994274476,0.09904057722825335
219,2020-08-05,0.27691072197246175,0.4228955762557176,0.09825779165668141
220,2020-08-06,0.2778842394641979,0.42341538784158284,0.10684371778940446
221,2020-08-07,0.278860677508409,0.4211876239021606,0.10762448950135667
222,2020-08-08,0.27984004486675307,0.4224500234678334,0.1044825019970799
223,2020-08-09,0.280822350327172,0.42252428226581407,0.10716116824370508
224,2020-08-10,0.28180760270397215,0.4263857397608123,0.10626191164668836
225,2020-08-11,0.28279581083790256,0.43022592665555476,0.10913940531854446
226,2020-08-12,0.2837869835962351,0.4316472908144015,0.10172116523488037
227,2020-08-13,0.2847811298728425,0.4336808403807887,0.10461640047063919
228,2020-08-14,0.2857782585882801,0.4338490834007333,0.10840801074771286
229,2020-08-15,0.2867783786898636,0.4373028285555246,0.10777250663258015
230,2020-08-16,0.287781499151752,0.44030571896427684,0.10917084756075526
231,2020-08-17,0.28878762897502575,0.44577991570916503,0.10975998176785418
232,2020-08-18,0.28979677718776947,0.45149639212886716,0.11568300161766251
233,2020-08-19,0.29080895284515146,0.4555302260315216,0.11052429995330709
234,2020-08-20,0.29182416502950564,0.4500023795723281,0.10706766211638652
235,2020-08-21,0.29284242285041273,0.44186001113919204,0.10912180614985109
236,2020-08-22,0.2938637354447826,0.4346887508678058,0.10358190090301653
237,2020-08-23,0.2948881119769356,0.43289593579995905,0.10615859273214551
238,2020-08-24,0.2959155616386849,0.42826449687468915,0.1057038926435741
239,2020-08-25,0.2969460936494196,0.4232662504320983,0.10747589648292388
240,2020-08-26,0.2979797172561865,0.4215561707382561,0.10095551915931006
241,2020-08-27,0.2990164417337741,0.42789284882858203,0.10278103609894912
242,2020-08-28,0.30005627638479426,0.4372545992351326,0.10015092540235496
243,2020-08-29,0.30109923053976734,0.4374435556755075,0.10364572003596004
244,2020-08-30,0.30144792487891336,0.4420697673522555,0.10304434818976457
245,2020-08-31,0.30249505397936843,0.45985390097099915,0.10655196006740189
246,2020-09-01,0.30354532446712557,0.4688964409485527,0.10609370127792547
247,2020-09-02,0.30459874576634516,0.46997990316280963,0.10965530502726972
248,2020-09-03,0.3049685044140952,0.4427385674900625,0.1020340812376955
249,2020-09-04,0.3054473857905579,0.4369343056279719,0.08252773929541873
250,2020-09-05,0.3017992223288835,0.4391012300564857,0.08711370713739733
251,2020-09-06,0.3020695341564119,0.424938831112984,0.08221344262039534
252,2020-09-07,0.3007189641306767,0.412324235332706,0.08352731412302203
253,2020-09-08,0.29841837590696285,0.40318385516887295,0.0851160056790253
254,2020-09-09,0.2993414281552707,0.4012930636962526,0.08137018670221025
255,2020-09-10,0.30038223776555534,0.4324486383897955,0.08305015090175968
256,2020-09-11,0.3014261698046706,0.44416807047850815,0.08483980595123175
257,2020-09-12,0.30247323363990314,0.44927493177309347,0.08541604519897103
258,2020-09-13,0.30352343866664155,0.4526838816324513,0.0863933097582271
259,2020-09-14,0.3045767943084602,0.45811525410150244,0.08462739996886343
260,2020-09-15,0.3056333100172041,0.4667259299607082,0.08993590437189458
261,2020-09-16,0.3066929952730742,0.4802585975863419,0.09195691507337495
262,2020-09-17,0.3077558595847117,0.48362265055542614,0.09458807332639041
263,2020-09-18,0.3088219124892844,0.4846165752962916,0.09436032414067122
264,2020-09-19,0.309891163552571,0.48568695578645477,0.09418702109905713
265,2020-09-20,0.31091893658502795,0.4932980650371733,0.09669320098918624
266,2020-09-21,0.31082393636972294,0.49867952834744506,0.09412592544047149
267,2020-09-22,0.3109649355880552,0.5010623193868059,0.08639551184495989
268,2020-09-23,0.30769820256660324,0.4962186430105667,0.08780265479528945
269,2020-09-24,0.3070010478130956,0.4925499544082262,0.08294835905995782
270,2020-09-25,0.30806483628235365,0.48990826012999394,0.0909814321517432
271,2020-09-26,0.3091318161170193,0.48917468088499255,0.09026981465686776
272,2020-09-27,0.31020199689118955,0.4858678510277972,0.09124767687141747
273,2020-09-28,0.3112753882076813,0.489613702258164,0.0916009214749185
274,2020-09-29,0.31235199969812294,0.4908906969957891,0.09011058510969994
275,2020-09-30,0.31343184102303573,0.49208255875090595,0.09275481818216108
276,2020-10-01,0.3143695548828625,0.4947216812086644,0.09169009410615886
277,2020-10-02,0.3123357952597424,0.49633920787632274,0.0894066972412142
278,2020-10-03,0.3134155879713404,0.4962540748938145,0.08852307256720654
279,2020-10-04,0.31449862006107304,0.4923175925103524,0.08810733733355239
280,2020-10-05,0.3155849012470748,0.48850864167863534,0.09008937007047058
281,2020-10-06,0.3166744412766351,0.48469852233578287,0.0919148790359296
282,2020-10-07,0.3177672499262834,0.48497361764219377,0.08905488061467734
283,2020-10-08,0.31886333700188113,0.48210259025698926,0.0900463913788089
284,2020-10-09,0.3199627123387056,0.4826352024373595,0.09357211237996796
285,2020-10-10,0.3210653858015399,0.4885293667171045,0.09636171363634033
286,2020-10-11,0.3221713672847635,0.49248744429004926,0.09992952204170594
287,2020-10-12,0.32328066671243644,0.4940185234001711,0.10138791691604976
288,2020-10-13,0.32439329403839234,0.4913816649327391,0.10403024603126268
289,2020-10-14,0.3255092592463261,0.4895103460203675,0.10215952420718188
290,2020-10-15,0.3266285723498839,0.49333804379567275,0.10231078995528756
291,2020-10-16,0.3277512433927518,0.4981014010271629,0.10326969422941426
292,2020-10-17,0.328877282448749,0.5003980196923457,0.10044971212472054
293,2020-10-18,0.3300066996219134,0.5037283830723461,0.10119616427747208
294,2020-10-19,0.3311395050465983,0.5048602130457955,0.1032747271031218
295,2020-10-20,0.33227570888755664,0.5117958501106722,0.10736914073774972
296,2020-10-21,0.3334153213400376,0.5093773426680968,0.10987075094187973
297,2020-10-22,0.3345583526298765,0.5035675274568244,0.12421498313815743
298,2020-10-23,0.3357048130135846,0.49486567392643316,0.12652559200321742
299,2020-10-24,0.33685471277844414,0.48967717296368335,0.12615854012168098
300,2020-10-25,0.3380080622425981,0.4820649914118344,0.12900227431383707
301,2020-10-26,0.33916487175514487,0.4805665770503987,0.12764994014257616
302,2020-10-27,0.34032515169622873,0.47351521534952606,0.1282791911716448
303,2020-10-28,0.34148891247713564,0.4711353807754815,0.13777663972517132
304,2020-10-29,0.34265616454038605,0.4596769180115637,0.13182970425099544
305,2020-10-30,0.3438269183598253,0.44398763822712217,0.13436833780574778
306,2020-10-31,0.3450011844407233,0.4246845355709837,0.13589101121340305
307,2020-11-01,0.3461789733198642,0.4121274187447344,0.13974920792452505
308,2020-11-02,0.3473602955656428,0.41190810409272566,0.13881804829250202
309,2020-11-03,0.3485451617781584,0.41190810409272566,0.13622955381091872
310,2020-11-04,0.3497335825893116,0.41190810409272566,0.1431260611693153
311,2020-11-05,0.3508695293532429,0.41190810409272566,0.1449114819570843
312,2020-11-06,0.3508695293532429,0.41190810409272566,0.16810596814870854
313,2020-11-07,0.3508695293532429,0.41190810409272566,0.16802576370703481
314,2020-11-08,0.3508695293532429,0.41190810409272566,0.15636388147868438
315,2020-11-09,0.3508695293532429,0.41190810409272566,0.16719495121953878
316,2020-11-10,0.3508695293532429,0.41190810409272566,0.16462284607430785
317,2020-11-11,0.3508695293532429,0.41190810409272566,0.16371794908645862
318,2020-11-12,0.3508695293532429,0.41190810409272566,0.17024027064914932
319,2020-11-13,0.3508695293532429,0.41190810409272566,0.17947966914449376
320,2020-11-14,0.3508695293532429,0.41190810409272566,0.18046498673288613
321,2020-11-15,0.3508695293532429,0.41190810409272566,0.17676992945827186
322,2020-11-16,0.3508695293532429,0.41190810409272566,0.17499812172111473
323,2020-11-17,0.3508695293532429,0.41190810409272566,0.1866580361339764
324,2020-11-18,0.3508695293532429,0.41190810409272566,0.20163644695240018
325,2020-11-19,0.3508695293532429,0.41190810409272566,0.20448243102624114
326,2020-11-20,0.3508695293532429,0.41190810409272566,0.20431981048811076
327,2020-11-21,0.3508695293532429,0.41190810409272566,0.2172472266148543
328,2020-11-22,0.3508695293532429,0.41190810409272566,0.21821735744629367
329,2020-11-23,0.3508695293532429,0.41190810409272566,0.21344114697495847
330,2020-11-24,0.3508695293532429,0.41190810409272566,0.21296309671297636
331,2020-11-25,0.3508695293532429,0.41190810409272566,0.2246406001778864
332,2020-11-26,0.3508695293532429,0.41190810409272566,0.21923614406916425
333,2020-11-27,0.3508695293532429,0.41190810409272566,0.1934268934884396
334,2020-11-28,0.3508695293532429,0.41190810409272566,0.19346278160161523
335,2020-11-29,0.3508695293532429,0.41190810409272566,0.20270943450871964
336,2020-11-30,0.3508695293532429,0.41190810409272566,0.2099153924516048
337,2020-12-01,0.3508695293532429,0.41190810409272566,0.23291736423882292
338,2020-12-02,0.3508695293532429,0.41190810409272566,0.22089994941742525
339,2020-12-03,0.3508695293532429,0.41190810409272566,0.2265080591135714
340,2020-12-04,0.3508695293532429,0.41190810409272566,0.23013206512109108
341,2020-12-05,0.3508695293532429,0.41190810409272566,0.21856405493752984
342,2020-12-06,0.3508695293532429,0.41190810409272566,0.2254009702809721
343,2020-12-07,0.3508695293532429,0.41190810409272566,0.22838002261934343
344,2020-12-08,0.3508695293532429,0.41190810409272566,0.22635479918684825
345,2020-12-09,0.3508695293532429,0.41190810409272566,0.21257675962304784
346,2020-12-10,0.3508695293532429,0.41190810409272566,0.21622737315476587
347,2020-12-11,0.3508695293532429,0.41190810409272566,0.2113870692083456
348,2020-12-12,0.3508695293532429,0.41190810409272566,0.20812698086679227
349,2020-12-13,0.3508695293532429,0.41190810409272566,0.2200958852084658
350,2020-12-14,0.3508695293532429,0.41190810409272566,0.2255930760809835
351,2020-12-15,0.3508695293532429,0.41190810409272566,0.22733210129398984
352,2020-12-16,0.3508695293532429,0.41190810409272566,0.23008664828621844
353,2020-12-17,0.3508695293532429,0.41190810409272566,0.26021070859447976
354,2020-12-18,0.3508695293532429,0.41190810409272566,0.2839864570904169
355,2020-12-19,0.3508695293532429,0.41190810409272566,0.28901828884044994
356,2020-12-20,0.3508695293532429,0.41190810409272566,0.30089477777276896
357,2020-12-21,0.3508695293532429,0.41190810409272566,0.295373660837918
358,2020-12-22,0.3508695293532429,0.41190810409272566,0.28455106802740154
359,2020-12-23,0.3508695293532429,0.41190810409272566,0.2997912853197044
360,2020-12-24,0.3508695293532429,0.41190810409272566,0.29201514330240386
361,2020-12-25,0.3508695293532429,0.41190810409272566,0.2992399308108396
362,2020-12-26,0.3508695293532429,0.41190810409272566,0.3137933818939333
363,2020-12-27,0.3508695293532429,0.41190810409272566,0.34263474058894383
364,2020-12-28,0.3508695293532429,0.41190810409272566,0.3417894620755764
365,2020-12-29,0.3508695293532429,0.41190810409272566,0.35300877627492755
366,2020-12-30,0.3508695293532429,0.4099151753613886,0.3577887899542037
367,2020-12-31,0.3508695293532429,0.403126530611619,0.3803622586878138
368,2021-01-01,0.3508695293532429,0.409281761219052,0.3833203365562968
369,2021-01-02,0.3508695293532429,0.42796372611111827,0.3885885470855988
370,2021-01-03,0.3508695293532429,0.43936927809286497,0.4335149666579975
371,2021-01-04,0.3508695293532429,0.44628516437206983,0.4470071424627826
372,2021-01-05,0.3508695293532429,0.4495244147242865,0.42315698949652436
373,2021-01-06,0.3508695293532429,0.45164335908667375,0.46416761513556815
374,2021-01-07,0.3508695293532429,0.455282919857463,0.509727033867411
375,2021-01-08,0.3508695293532429,0.45785274552052097,0.551487587220452
376,2021-01-09,0.3508695293532429,0.459424402768004,0.5717622156933404
377,2021-01-10,0.3508695293532429,0.4552861747171081,0.5634625131607267
378,2021-01-11,0.3508695293532429,0.4558844080507749,0.5331254075223445
379,2021-01-12,0.3508695293532429,0.46040678870973994,0.48953652081539123
380,2021-01-13,0.3508695293532429,0.46574305748987216,0.4618688009193417
381,2021-01-14,0.3508695293532429,0.46885905296715064,0.5180755461936858
382,2021-01-15,0.3508695293532429,0.46865312958605265,0.5464650330949861
383,2021-01-16,0.3508695293532429,0.467637678434048,0.5073942056509443
384,2021-01-17,0.3508695293532429,0.46852924170259685,0.49888078752920506
385,2021-01-18,0.3508695293532429,0.4705508821466254,0.4916833330224183
386,2021-01-19,0.3508695293532429,0.46672324991535025,0.5043254521441431
387,2021-01-20,0.3508695293532429,0.4621528617165591,0.4964864376874423
388,2021-01-21,0.3508695293532429,0.45586774303544647,0.4882196218195264
389,2021-01-22,0.3508695293532429,0.45177970578814813,0.41353991028193055
390,2021-01-23,0.3508695293532429,0.4455208547955163,0.44620315090861173
391,2021-01-24,0.3508695293532429,0.44188765905969457,0.4319852342288021
392,2021-01-25,0.3508695293532429,0.4389474335189133,0.4352676752378729
393,2021-01-26,0.3508695293532429,0.44009709466432306,0.43689431904847487
394,2021-01-27,0.3508695293532429,0.4399089652075958,0.4401984811835493
395,2021-01-28,0.3508695293532429,0.44327577778405564,0.4060593078202139
396,2021-01-29,0.3508695293532429,0.4443266492566042,0.44892648827333015
397,2021-01-30,0.3508695293532429,0.44888128550385015,0.4652639361538312
398,2021-01-31,0.3508695293532429,0.4501833377221394,0.4660421005866544
399,2021-02-01,0.3508695293532429,0.449688578814006,0.44791088940808965
400,2021-02-02,0.3508695293532429,0.44793950439797614,0.45336277466318564
401,2021-02-03,0.3508695293532429,0.443714279785269,0.4865977626388751
402,2021-02-04,0.3508695293532429,0.43563501598352944,0.5186940681973595
403,2021-02-05,0.3508695293532429,0.432121167627675,0.5078573691942377
404,2021-02-06,0.3508695293532429,0.4319449480867654,0.5268928153010644
405,2021-02-07,0.3508695293532429,0.43196467506589503,0.5472106312381819
406,2021-02-08,0.3508695293532429,0.43974703920653735,0.5400831075979847
407,2021-02-09,0.3508695293532429,0.4489655271883869,0.6595093578992126
408,2021-02-10,0.3508695293532429,0.4609606014892013,0.6636955485532864
409,2021-02-11,0.3508695293532429,0.47228755643390785,0.6361987883295376
410,2021-02-12,0.3508695293532429,0.4781696185802414,0.683610969190603
411,2021-02-13,0.3508695293532429,0.47504788286969973,0.6771912421109321
412,2021-02-14,0.3508695293532429,0.4718996424194054,0.6696351529524669
413,2021-02-15,0.3508695293532429,0.4623956248506386,0.6962644630644147
414,2021-02-16,0.3508695293532429,0.45610576113348145,0.6849295904686238
415,2021-02-17,0.3508695293532429,0.4509993715036372,0.7063350435005428
416,2021-02-18,0.3508695293532429,0.4438049843817771,0.7527609361569493
417,2021-02-19,0.3508695293532429,0.43482933796923384,0.7462001549336729
418,2021-02-20,0.3508695293532429,0.4327988742627453,0.8149975607359169
419,2021-02-21,0.3508695293532429,0.4352429685148053,0.820412729701403
420,2021-02-22,0.3508695293532429,0.43830943966288055,0.8410515421241859
421,2021-02-23,0.3508695293532429,0.4370103499657033,0.7889867897745243
422,2021-02-24,0.3508695293532429,0.43382864042569014,0.6976069726341192
423,2021-02-25,0.3508695293532429,0.4304113821261239,0.7161017056650785
424,2021-02-26,0.3508695293532429,0.431805642917752,0.6704560167857503
425,2021-02-27,0.3508695293532429,0.4346372351287045,0.6634067014881894
426,2021-02-28,0.3508695293532429,0.4370603455721803,0.6650371195549623
427,2021-03-01,0.3508695293532429,0.4389935843318906,0.6381396839649407
428,2021-03-02,0.3508695293532429,0.4371664467779462,0.7151104260348694
429,2021-03-03,0.3508695293532429,0.4348197857906589,0.6950558936021071
430,2021-03-04,0.3508695293532429,0.43439329139376304,0.7277352345811815
431,2021-03-05,0.3508695293532429,0.43537321566963527,0.6981751062939393
432,2021-03-06,0.3508695293532429,0.4343095663733792,0.7039970526048558
433,2021-03-07,0.35217747150791545,0.429603620729752,0.7028394772701636
434,2021-03-08,0.35471204138478174,0.4237504574712911,0.739489502559497
435,2021-03-09,0.35741756903045746,0.42271321599147305,0.7557146551463071
436,2021-03-10,0.3603124501437849,0.4253344874060962,0.793611210823271
437,2021-03-11,0.3633179452863561,0.4295934450045571,0.814706114208301
438,2021-03-12,0.36628468833918126,0.43316839834566945,0.8429619919841593
439,2021-03-13,0.36943473256402753,0.4309238723387677,0.8360112848175497
440,2021-03-14,0.37260905015669077,0.43012956572037236,0.8993070779039126
441,2021-03-15,0.3759767693400507,0.4273939242983606,0.8691681467154244
442,2021-03-16,0.3787616044958053,0.4284083737387222,0.8112682274862496
443,2021-03-17,0.3816799728740025,0.4276610696548836,0.8276448679228143
444,2021-03-18,0.38467492369348477,0.42857309629983603,0.8625524217343619
445,2021-03-19,0.3876494125634676,0.4251282737984294,0.8450957704604347
446,2021-03-20,0.3907152307188781,0.42563280479411425,0.8502226140643192
447,2021-03-21,0.3935757240525592,0.4262383005568371,0.8523459486329608
448,2021-03-22,0.3962964002319819,0.43109727847388185,0.8395213843307847
449,2021-03-23,0.39895224769747534,0.4331796322963462,0.7883361697745831
450,2021-03-24,0.4021892608443374,0.43691801031804267,0.7917672484026903
451,2021-03-25,0.40470103083546594,0.4396481805554859,0.7588836608815162
452,2021-03-26,0.4073528853919255,0.4451038593642181,0.7411483104298537
453,2021-03-27,0.4100472262599932,0.4496834422229154,0.798929252282237
454,2021-03-28,0.41274596074292047,0.4510991565050804,0.8117010639591885
455,2021-03-29,0.4155155572657613,0.449923087787844,0.8100342493620588
456,2021-03-30,0.4183576299115287,0.4480892392615326,0.8405022875220601
457,2021-03-31,0.42123056612417403,0.44610672363935516,0.8570191472533937
458,2021-04-01,0.4246394901822696,0.4435263751308449,0.8593958622215438
459,2021-04-02,0.4275324594664457,0.4393255919380435,0.8591373470800716
460,2021-04-03,0.43032901711218546,0.4380357285018793,0.863273065680685
461,2021-04-04,0.4331027575302318,0.44128362300559526,0.8313223482484349
462,2021-04-05,0.4358854161572068,0.4425086348538632,0.8499914388983233
463,2021-04-06,0.43864728083768767,0.44123384751349304,0.8576293182652669
464,2021-04-07,0.44139510828299494,0.4396002111786182,0.8473290566576482
465,2021-04-08,0.4435729194008059,0.439923998269187,0.8165265273016523
466,2021-04-09,0.4470312215009217,0.4437939498142302,0.8473844265925833
467,2021-04-10,0.45064393743939746,0.44487637159014165,0.8487801270857857
468,2021-04-11,0.4536983878170669,0.44266726733813927,0.8779630579931543
469,2021-04-12,0.456698518801752,0.4425810124514701,0.8781009218548895
470,2021-04-13,0.4597505091839807,0.44549164945579245,0.8768705797379148
471,2021-04-14,0.4628114439610183,0.4486492807343915,0.9354418651980015
472,2021-04-15,0.46592969816632174,0.44797989556874795,0.9231456475413858
473,2021-04-16,0.469043512391145,0.44366478641570095,0.9290999833430554
474,2021-04-17,0.4722624654865705,0.4424524031440247,0.902216769526855
475,2021-04-18,0.4757112627401962,0.4407007799404656,0.8826682772478595
476,2021-04-19,0.4786194926397965,0.43494671796987316,0.8189956357279021
477,2021-04-20,0.48122661870537103,0.4211201255174579,0.8099234348067285
478,2021-04-21,0.4840313361968252,0.3985233319083611,0.819088042270471
479,2021-04-22,0.48706233687875017,0.38104208189136984,0.7854589836626198
480,2021-04-23,0.48966492715417237,0.3655166735435432,0.7499149859018389
481,2021-04-24,0.4924282052312687,0.3531340152817643,0.737540651067435
482,2021-04-25,0.49501756626106724,0.3461318125737487,0.7206352342294385
483,2021-04-26,0.4975405929576275,0.3474718119163757,0.702233461554638
484,2021-04-27,0.5004815125539215,0.3593252874830016,0.7820833128873916
485,2021-04-28,0.503004507618331,0.3741083651800588,0.798269574111717
486,2021-04-29,0.5054963070951201,0.38692026997561424,0.7953742733447893
487,2021-04-30,0.5081650024968536,0.3996770501313367,0.7759779443381967
488,2021-05-01,0.5111330657171999,0.40676263032459503,0.8435954348037079
489,2021-05-02,0.5143221988988225,0.40918361751421917,0.843347088148832
490,2021-05-03,0.5174217553792325,0.404996230515435,0.8239776980062633
491,2021-05-04,0.5203229217684862,0.3998856582742902,0.8335576239520778
492,2021-05-05,0.52444707865845,0.40176193475005434,0.7738634627468857
493,2021-05-06,0.527507080836088,0.40982234223664615,0.8372614144402445
494,2021-05-07,0.5305659091081847,0.41751929546247435,0.8224919335369983
495,2021-05-08,0.5336903432039103,0.42333608132880973,0.8361344394256143
496,2021-05-09,0.5367685173747785,0.43111960149419065,0.8586689699624
497,2021-05-10,0.5398642924006293,0.442453877281676,0.8497537390469535
498,2021-05-11,0.5428495748240528,0.45600778671803033,0.8128075594850492
499,2021-05-12,0.5458613543431713,0.4621128001576476,0.8292222393029026
500,2021-05-13,0.5484966338700257,0.46233331569326236,0.7185844838979432
501,2021-05-14,0.5523506820143067,0.4619975086857298,0.7180737060293855
502,2021-05-15,0.5548920281588425,0.46493499169146085,0.7171224762379343
503,2021-05-16,0.5573335393146038,0.47394553146120605,0.6670723819027506
504,2021-05-17,0.5595370802235269,0.47611244449536677,0.6639432025550506
505,2021-05-18,0.5617005953757743,0.46724199635849656,0.6191359755004623
506,2021-05-19,0.5635619706752815,0.4579409556682183,0.6081143328601707
507,2021-05-20,0.5655191775485915,0.4459331835432162,0.515381328219283
508,2021-05-21,0.5675860552200276,0.42851946506601823,0.5657186797899012
509,2021-05-22,0.5708732466705845,0.41015969865008334,0.5162160842223014
510,2021-05-23,0.5729122140820992,0.3751993331435112,0.5191031158859143
511,2021-05-24,0.5748606003209915,0.3594873884689674,0.4784734184873657
512,2021-05-25,0.5766530618401738,0.36849791856938435,0.5370328647435642
513,2021-05-26,0.5785344515124514,0.3794990043845319,0.5301359975982503
514,2021-05-27,0.5804080549071036,0.2729964196758693,0.5492482179604071
515,2021-05-28,0.5820993938051453,0.481076947551114,0.5370401070623456
516,2021-05-29,0.5837043447210991,0.5805138636151158,0.4901806777672505
517,2021-05-30,0.5853473839897341,0.6171544633640528,0.4752386184557782
518,2021-05-31,0.5882624220252365,0.6173690888811275,0.4902530772051814
519,2021-06-01,0.5899020432263774,0.6088482332940817,0.5162327826757349
520,2021-06-02,0.5915970432513727,0.6032619533904519,0.5056772790874478
521,2021-06-03,0.5933765497437803,0.5843998950542166,0.5217459470783531
522,2021-06-04,0.5950756114027399,0.5059925998981516,0.5451638519856861
523,2021-06-05,0.5967266852968239,0.40956839314238863,0.5098101242956063
524,2021-06-06,0.5983418650311976,0.37449027634651433,0.48757244514293263
525,2021-06-07,0.599899509659925,0.37272156890941166,0.49216604969952105
526,2021-06-08,0.6012733580162523,0.37884095541202695,0.45408808268206413
527,2021-06-09,0.6041412502017056,0.3824864263675932,0.4557780738453685
528,2021-06-10,0.6058047754455219,0.38325988042368186,0.5196356131573884
529,2021-06-11,0.6074711657960151,0.3813376196077959,0.5092442430217895
530,2021-06-12,0.6090718638728221,0.3741262979671494,0.5154139420327983
531,2021-06-13,0.6107231719317292,0.3632240080735301,0.4894764914629417
532,2021-06-14,0.6125331552307601,0.3559250789546777,0.545106161915756
533,2021-06-15,0.6143405447026226,0.3554177085464309,0.5687031713899932
534,2021-06-16,0.616117151763791,0.3492091953082367,0.5647675252221672
535,2021-06-17,0.6192168403867017,0.3427724529597178,0.5319039978840467
536,2021-06-18,0.6208405882922478,0.33554642987128414,0.5298613917173639
537,2021-06-19,0.6223804299164751,0.3307117295724476,0.49291123239483015
538,2021-06-20,0.6238487836198763,0.33013563845471,0.488126197190784
539,2021-06-21,0.6240881791681776,0.3290188924147972,0.49140872067359886
540,2021-06-22,0.6242968370841171,0.31718676812231617,0.42629449888841553
541,2021-06-23,0.6276115127762011,0.30736826868715456,0.4390101562607961
542,2021-06-24,0.629046988678379,0.2940327752140676,0.458102404592311
543,2021-06-25,0.6299257165849935,0.2818283211712356,0.4736466861790234
544,2021-06-26,0.6299257165849939,0.270707135949195,0.4299887194654375
545,2021-06-27,0.631166454859299,0.26134643818818565,0.43128037180074286
546,2021-06-28,0.6331654924045755,0.25206652895792503,0.4725576654827951
547,2021-06-29,0.6372699572632948,0.24368536286086065,0.4717515371970885
548,2021-06-30,0.6391757276104062,0.23418463164658995,0.4943154503188262
549,2021-07-01,0.6391757276104059,0.22643970450025244,0.48157256378532765
550,2021-07-02,0.6391757276104059,0.2208545240755467,0.4577021209420469
551,2021-07-03,0.6427339766660237,0.2174560198826917,0.46206774273810614
552,2021-07-04,0.644587751381734,0.2178473410625173,0.4745165766528654
553,2021-07-05,0.6445877513817344,0.21858466070404858,0.48513137976563037
554,2021-07-06,0.6445877513817344,0.21370555992175927,0.4617057947849825
555,2021-07-07,0.6445877513817344,0.21561010873919548,0.465250690822957
556,2021-07-08,0.6445877513817344,0.22108124739696697,0.4617716324765747
557,2021-07-09,0.6445877513817344,0.22470326829887025,0.44581438727151856
558,2021-07-10,0.6445877513817344,0.22679053278925979,0.4623954786779201
559,2021-07-11,0.6445877513817344,0.22394228541663055,0.45813309398434154
560,2021-07-12,0.6445877513817344,0.22261500593729686,0.4676466222075166
561,2021-07-13,0.6445877513817344,0.23111425172601177,0.45107249556548124
562,2021-07-14,0.6445877513817344,0.23623320386999438,0.4417048339475519
563,2021-07-15,0.6445877513817344,0.23644277431408903,0.4449343560620287
564,2021-07-16,0.6445877513817344,0.2381348616035279,0.42651984802413356
565,2021-07-17,0.6445877513817344,0.2410649668868556,0.42130472876604963
566,2021-07-18,0.6445877513817344,0.24483562566250336,0.42432493631692303
567,2021-07-19,0.6445877513817344,0.24422868518213633,0.4296093517318288
568,2021-07-20,0.6445877513817344,0.2438567319340729,0.41377185540417893
569,2021-07-21,0.6445877513817344,0.24502264045249103,0.3984915877922522
570,2021-07-22,0.6445877513817344,0.2474237263113974,0.43702951325899664
571,2021-07-23,0.6445877513817344,0.24779713573359533,0.43744045581464597
572,2021-07-24,0.6445877513817344,0.24584186884950318,0.45415467847865987
573,2021-07-25,0.6473562047685902,0.2428224807297952,0.4662670783146927
574,2021-07-26,0.6648078247194009,0.2431180309250807,0.48612062746506335
575,2021-07-27,0.6688709511446648,0.2433249160617709,0.5152938735138931
576,2021-07-28,0.6774788998605903,0.2446438088082055,0.5439699078585943
577,2021-07-29,0.6789642889517766,0.24762886578054769,0.5592229538575804
578,2021-07-30,0.6804542089044715,0.2513306319764516,0.5583690476491657
579,2021-07-31,0.6834992876993954,0.25506934194676234,0.5896628040151284
580,2021-08-01,0.6851017607628204,0.2580024867920638,0.5867532204436744
581,2021-08-02,0.6866105852558531,0.2600149202315039,0.5573635723882199
582,2021-08-03,0.6870036624943511,0.26688615624842016,0.5472003034297216
583,2021-08-04,0.6886009995539687,0.2692656143437337,0.5326533742435061
584,2021-08-05,0.6904649859840176,0.2709433677795334,0.5547551765974517
585,2021-08-06,0.6927204860775,0.27055843784753114,0.5719127335297185
586,2021-08-07,0.694496269689517,0.27176508737460525,0.6034981066810373
587,2021-08-08,0.6962994798585187,0.2740297182092212,0.6329852801782652
588,2021-08-09,0.6996051402246242,0.27807596256476985,0.6186948482418368
589,2021-08-10,0.7014631068320395,0.2775510867238719,0.6595641282689617
590,2021-08-11,0.7033511771570672,0.2795487485063808,0.6488348306411965
591,2021-08-12,0.7051824245947523,0.28103720238353685,0.6490352972633934
592,2021-08-13,0.7071452680681019,0.28403369505730053,0.6305506873451117
593,2021-08-14,0.7091476189201503,0.2843808707541654,0.682034041908348
594,2021-08-15,0.7110977764194026,0.28499533909013824,0.6719929414660151
595,2021-08-16,0.7130586578022953,0.285132425485965,0.6709727225632277
596,2021-08-17,0.7149981553709944,0.28794877933077545,0.6551022520596449
597,2021-08-18,0.7185304855514163,0.29309376955414684,0.631177760375016
598,2021-08-19,0.7204579135581343,0.2996775567077604,0.6388635385274083
599,2021-08-20,0.722516983867733,0.30356329149308575,0.6664992739673354
600,2021-08-21,0.7246250174817996,0.30660304190533894,0.7056598236738276
601,2021-08-22,0.7267374702644461,0.3090787884569097,0.7014704574390046
602,2021-08-23,0.7288711025078148,0.3121808274298505,0.7065333028168136
603,2021-08-24,0.730946380468965,0.3137276436114835,0.7108160334833935
604,2021-08-25,0.7330108115991362,0.3144860660067755,0.6856026145844222
605,2021-08-26,0.7350088989405044,0.3134593580000771,0.7025732001198948
606,2021-08-27,0.7386723614816458,0.3138135494666776,0.674233392129708
607,2021-08-28,0.7407943951881952,0.3224055183010387,0.703857855607326
608,2021-08-29,0.7429446234694196,0.3285012458335437,0.7015159655469971
609,2021-08-30,0.7450906234353329,0.33153269922868583,0.7010483335224108
610,2021-08-31,0.7472270968789779,0.3327969723296735,0.6725585940181779
611,2021-09-01,0.7494385447033535,0.3317363206977729,0.6759326886681606
612,2021-09-02,0.7517682970479569,0.33075477795215813,0.6997027047754519
613,2021-09-03,0.7540687708511593,0.32900323166812856,0.707943232785155
614,2021-09-04,0.7563279805582283,0.32212555672133936,0.7174622588914225
615,2021-09-05,0.7603205799978188,0.31946491983880265,0.7187165894821372
616,2021-09-06,0.7626774289384846,0.31983141186018,0.745611045819552
617,2021-09-07,0.7649006134775906,0.3217638243365729,0.762285997258867
618,2021-09-08,0.7669720097181778,0.3260252407739048,0.6704959423319258
619,2021-09-09,0.7689900213580751,0.32805257656966036,0.6559534382171573
620,2021-09-10,0.7709425368963505,0.33671794908666497,0.6628866640544593
621,2021-09-11,0.7728987252124103,0.34127564209505584,0.6354623913533527
622,2021-09-12,0.7748736030150629,0.342428964251099,0.6417559909784011
623,2021-09-13,0.776760326458669,0.34144002750492974,0.6577140923736635
624,2021-09-14,0.7804130288326296,0.3395975758196898,0.6408507461337974
625,2021-09-15,0.7824533555271438,0.3381799508079996,0.6727371968415278
626,2021-09-16,0.7844940669625524,0.3427278617819757,0.6895320985031846
627,2021-09-17,0.7865321928209762,0.3420810035471562,0.6846257838807293
628,2021-09-18,0.7886417244583953,0.34302143590391826,0.6742268020866461
629,2021-09-19,0.7907041126331299,0.34288211259179646,0.6908118770039161
630,2021-09-20,0.7924133380831587,0.344673412318962,0.6765018235990318
631,2021-09-21,0.7938590476247906,0.3484351417459962,0.6055882310975746
632,2021-09-22,0.7961101265511592,0.3504265652280218,0.5649020806419331
633,2021-09-23,0.7979977120733902,0.3475104641851464,0.6160425178019345
634,2021-09-24,0.8012881430407853,0.34437764164502116,0.6383112081031809
635,2021-09-25,0.8033194001464156,0.34234250435292923,0.6026996820087641
636,2021-09-26,0.8048515832731239,0.34516684344014753,0.6043724122530839
637,2021-09-27,0.8065063164905457,0.3496482454080467,0.6120421381462192
638,2021-09-28,0.8066977188702995,0.34890055457338004,0.5946335903883823
639,2021-09-29,0.8084885890422764,0.34779730338319526,0.5748686286149499
640,2021-09-30,0.8116376510336804,0.34839868847895034,0.5840928380124015
641,2021-10-01,0.8135684666595973,0.35001565329889056,0.6203902881755385
642,2021-10-02,0.8155574113073791,0.3553542038155109,0.6894576953619738
643,2021-10-03,0.8192593723923088,0.3571251652849694,0.6830005987663456
644,2021-10-04,0.821152132261495,0.3603095481767401,0.6910730289197613
645,2021-10-05,0.823183207276636,0.3640175184638233,0.7066880927283046
646,2021-10-06,0.8254695695489861,0.36605370544143156,0.7451762384664397
647,2021-10-07,0.8278793626862129,0.3733774669759107,0.8050314848633177
648,2021-10-08,0.8302670403908435,0.37863636417248436,0.7807377795097838
649,2021-10-09,0.8325890695898793,0.3784629951663457,0.7825967294548695
650,2021-10-10,0.8349406299986307,0.3756902015099392,0.8004050144324079
651,2021-10-11,0.8373644001629943,0.3671366233134791,0.7937964987897113
652,2021-10-12,0.8414011823235493,0.3642344437500035,0.839504950725836
653,2021-10-13,0.843978841917834,0.3659168696319082,0.8197320818135452
654,2021-10-14,0.8466093316251465,0.36312365472141744,0.8381543774048839
655,2021-10-15,0.849423808736405,0.3605328263665222,0.8375862800752972
656,2021-10-16,0.8523440392715579,0.36081770998229906,0.9071976242773755
657,2021-10-17,0.8552798905281271,0.36521996812058716,0.8969173127586645
658,2021-10-18,0.8582616811099715,0.36943947073177175,0.9035984990375286
659,2021-10-19,0.8613402711490034,0.370092948437609,0.9105362901374765
660,2021-10-20,0.864491769548106,0.368941162431716,0.9504770944636162
661,2021-10-21,0.868961549478093,0.3685096445926698,0.9779578380954522
662,2021-10-22,0.8717393256632798,0.37120984686963304,0.9188948148380143
663,2021-10-23,0.8744486919039389,0.3723841195564773,0.8947384237467128
664,2021-10-24,0.8771634433575118,0.375783961830259,0.9034126063204424
665,2021-10-25,0.8800120954605737,0.3797249054092631,0.8970376420238997
666,2021-10-26,0.8827952447485553,0.3830568068436152,0.9298739987745367
667,2021-10-27,0.8853872018490129,0.3887327617320876,0.8879462955445181
668,2021-10-28,0.888095528980859,0.39303585181483075,0.8565777143698416
669,2021-10-29,0.8908824314414775,0.39679630758701795,0.8905566371957299
670,2021-10-30,0.8936754827016602,0.3991848422653228,0.9147741648595736
671,2021-10-31,0.8980209691293032,0.40104065160744096,0.9076487432014821
672,2021-11-01,0.9007570129661187,0.40451575055478367,0.9018104212950859
673,2021-11-02,0.903562461644102,0.40624187294528213,0.8962173881588699
674,2021-11-03,0.9062909707790745,0.4081204049537694,0.9301775105247035
675,2021-11-04,0.9089926778896664,0.4076668277024194,0.9283197568765144
676,2021-11-05,0.9116606054017707,0.40862259265355383,0.9038856169079474
677,2021-11-06,0.914335771930765,0.41253385536924697,0.8982235352502232
678,2021-11-07,0.917163207047219,0.4151419224490681,0.9048381703061636
679,2021-11-08,0.9202407201504796,0.41631685057793266,0.9286758807769927
680,2021-11-09,0.9251092521914456,0.4199512047952924,1.0
681,2021-11-10,0.9282546666609304,0.4200741056625621,0.9924639407116941
682,2021-11-11,0.9312883151433331,0.4198165990835491,0.9591598469550878
683,2021-11-12,0.9342114108703657,0.41720056633771996,0.9582744961920407
684,2021-11-13,0.9371501366254024,0.4156438220191674,0.9491093341768931
685,2021-11-14,0.9401042197007421,0.414619648125392,0.9527570001893327
686,2021-11-15,0.9429280030188127,0.41412085204402954,0.9685539181836834
687,2021-11-16,0.9453331517599761,0.41566980570748596,0.9411486986879524
688,2021-11-17,0.947684156822706,0.41932102272418736,0.8854596360670577
689,2021-11-18,0.9510910021102927,0.42506037178625916,0.8879377787322076
690,2021-11-19,0.9534177117147977,0.43038338453226654,0.8301545782800595
691,2021-11-20,0.9557748071232275,0.43231834040677747,0.8536737059284127
692,2021-11-21,0.9580206129568904,0.43312178175273686,0.8796171229648648
693,2021-11-22,0.9600988519939038,0.43242334647070396,0.8645473824540442
694,2021-11-23,0.9620860492826482,0.42822048152793823,0.8205601044211905
695,2021-11-24,0.9640335095917885,0.42168337235311504,0.842321658987681
696,2021-11-25,0.9659980959366887,0.41491957804290097,0.8335238064423693
697,2021-11-26,0.9677822896048021,0.4109433982355264,0.8606816929995936
698,2021-11-27,0.9695089945338002,0.40824768311188436,0.7796703728142561
699,2021-11-28,0.9722678768343225,0.40450431506519324,0.7909449033668461
700,2021-11-29,0.9739634967251287,0.403626222317524,0.8341545901322956
701,2021-11-30,0.9755280601236902,0.40454045114354104,0.843919184583748
702,2021-12-01,0.97702250454529,0.40475762033792,0.8305373908016654
703,2021-12-02,0.9785453973122593,0.40509110519815156,0.8330634393235049
704,2021-12-03,0.9799030681297167,0.40318469384237615,0.8225000603741187
705,2021-12-04,0.9802583931316473,0.40221941994745547,0.7790020654351134
706,2021-12-05,0.9810752069743716,0.4064985304865627,0.705118349592615
707,2021-12-06,0.9813504290210087,0.41322991896858347,0.7068197158544863
708,2021-12-07,0.9822977123123591,0.42120027210045485,0.725883648224624
709,2021-12-08,0.983196266705493,0.43007196393217095,0.7288570126777344
710,2021-12-09,0.9836570623173091,0.4394023282667457,0.7269842595969641
711,2021-12-10,0.9837356759832085,0.4503516910811,0.6847280224229393
712,2021-12-11,0.9845698168149317,0.46010845290832614,0.6754236786128439
713,2021-12-12,0.9854635120237061,0.4636159415276349,0.7064016001783456
714,2021-12-13,0.9856607807859914,0.4627224992585197,0.7193245418201776
715,2021-12-14,0.9856607807859916,0.4665060089062345,0.6657206480703199
716,2021-12-15,0.9862180353447332,0.46553357609099627,0.6931117683648038
717,2021-12-16,0.9866484310615906,0.4629644458322499,0.7015211637706077
718,2021-12-17,0.9866484310615911,0.4554617888367958,0.6816706928322023
719,2021-12-18,0.9866484310615911,0.4494492660537358,0.6598468574248219
720,2021-12-19,0.9866484310615911,0.4449259554024688,0.670094770883104
721,2021-12-20,0.9866484310615911,0.43975468082152536,0.6674901579624525
722,2021-12-21,0.987170125467913,0.43028817564677424,0.672442814250979
723,2021-12-22,0.9889813340776215,0.4271697205581322,0.7048503367895678
724,2021-12-23,0.9921133667915727,0.42880413098194275,0.6986296028033441
725,2021-12-24,0.9966459803491732,0.4346226320907354,0.732898771991818
726,2021-12-25,0.9975782044693977,0.441199499636167,0.732708726372986
727,2021-12-26,0.9991836487723507,0.4458216929837476,0.7291098499167631
728,2021-12-27,0.9999999999999989,0.4512088065434747,0.7321357287599443
729,2021-12-28,0.9999999999999982,0.4551208695808012,0.7308767520655787
730,2021-12-29,0.9999999999999993,0.45681996214791254,0.6821599120018673
731,2021-12-30,0.9999999999999998,0.45374162164043463,0.66269577755359
732,2021-12-31,0.9999999999999998,0.4503713563971676,0.6736389597606772
